ヒルナンデス紹介！話題の野菜入りおためしセット,OK
（０-１歳）ランチョンマットプレゼント,OK
（０-１歳向け）ベビーカタログギフトが当たる,OK
(期間限定)どうぶつ英語パズル付き！,OK
（厚生労働省調べ）日本人の糖尿病予備軍の割合が…,OK
（食卓応援）高級国産和牛が300名に当たる,OK
「1週間で１２ｋｇ痩せたい」人は読まないで下さい,OK
「GU kids」なら子供もおしゃれに変身！,OK
「あっ、この人」出逢った瞬間に分かる！？結婚相手,OK
「うるおい」が大人のニキビに必要な理由とは？,OK
「オーガニックスキンケア・愛用者急増中」のワケ,OK
「おはら美容」掲載の注目スキンケア,OK
「お手軽美容」ハチミツはコスメの優等生だった,OK
「お肌の曲がり角」に必要なスキンケアって？,OK
「ガチャが毎回快感」激レアよりどりみどり,OK
「かわいくなりたい…」あなたのためのコラムが届く,OK
「キングダム ハーツ」シリーズ初のスマホアプリ！,OK
「これがないと育児できない」と大絶賛のサプリ♪,OK
「これだけで十分！」小原美肌の秘訣,OK
「これ凄い！」噂のサプリは、ぐったりママに激売れ,OK
「シンプル&おしゃれ」な大人女子向けアレンジ！,OK
「すっぽん小町いいわー」とブログで絶賛したのは？,OK
「ゼロの書」のコラボキャラ登場！,OK
「それどこの？」って絶対聞かれる褒められドレス！,OK
「ツライぽっこり」に悩んでいる人にはミドリムシ？,OK
「とにかく保湿！」美容マニア・小原正子の美肌テク,OK
「どろあわわ」期間限定の福袋,OK
「ノーファンデ女子・急増中」のワケ,OK
「ハピクラ」月額500円が今なら無料♪,OK
「ヘアサロン」お得なクーポン,OK
「マース・ヒューズ」をゲット！,OK
「まだ垂れてないし…」対策ナシはまずいかも,OK
「ママだってぷるっぷる美肌になりたーい！」,OK
「ママ必見！」子供が喜ぶレシピならクラシル♪,OK
「ママ必見」小原正子おすすめのルージュがすごい！,OK
「モリ袖ヌキ襟」トレンドトップスもGUで買える！,OK
「やっぱり恋したい」ゼクシィの恋活アプリが人気,OK
「ユーグレナカプセル」でお肌の栄養補給？,OK
「リゾートバイト」で貴重な経験と楽しい思い出作り,OK
「ロコモティブシンドローム」が怖すぎると話題…,OK
「わたしワキガかも…」周りには内緒のワキガ対策♪,OK
「夏老け肌」をリセットするなら、この実力派コスメ,OK
"「甘カッコいい」人気アイテムが1,898円",OK
「菊池亜美」多忙な芸能人のスキンケア法とは,OK
「牛乳飲み放題」サービスが今なら一か月無料！,OK
「見て、マネ」すれば英語ができるようになるらしい,OK
「元気をチャージ＆お肌もつるつる」の理想サプリ♪,OK
「口」の使い方さえわかれば英語は話せるらしい…,OK
「好き」が同じ友達と遊びに行こう！完全無料アプリ,OK
「航空券探し、面倒…」簡単予約は格安航空券アプリ,OK
「今、人気のコラーゲンて知ってる？」,OK
「子どものためになる」動画が今なら見放題,OK
「事実」暖房で暖め凄ると…冷えが進行する？,OK
「実力派x高支持」 女性540人が徹底比較！,OK
「若見え美髪ケア」パサつき、白髪の悩みに,OK
「初回限定1000円OFF」洗いながら白髪ケア？,OK
「初回限定980円」ユーグレナのオールインワン,OK
「神！美容アイテム50選」で話題のコスメ,OK
「仁香おすすめ」あの薬用シャンプーに絶賛の声！！,OK
「仁香さん愛用」あの薬用シャンプーが送料無料に！,OK
「数量限定」たったこれだけで２４H毛穴レス肌へ,OK
「速報」抜け毛に悩んでいる人以外見ないで下さい。,OK
「大人女子必見」たったこれだけ？２４H毛穴レス肌,OK
「炭酸」で洗顔をしてみたら、肌の角質がすごい事に,OK
「男性向け」おすすめ神アプリ比較,OK
「地肌の健康、ちゃんと考えていますか？？」,OK
「超ビッグイベント開催中」,OK
「渡辺美奈代愛用」髪のハリやコシ、ちゃんとある？,OK
「頭皮の活力が失われてくると髪にも影響が…」,OK
「動画あり」2016年流行った飲み方まとめ,OK
「年齢にあったプラスアルファを取り入れています」,OK
「肌キレイ…」プロの本気！キレイの秘密を教えます,OK
「畑野ひろこ愛用」あの薬用シャンプーに絶賛の声！,OK
「畑野ひろ子」美しすぎるフェイスラインの秘密とは,OK
「髪の毛細くなった？」そんな貴女に朗報です…！！,OK
「美香おすすめ」あの薬用シャンプーに絶賛の声！,OK
「美味しいから飲むのが楽しみになりました。」,OK
「浮気もしたけど、やっぱりこれ」話題の美容オイル,OK
「本当は教えたくない…」天然成分コスメとは？,OK
「魔法の石鹸」1日50円で全身を潤す美用法！,OK
「万能すぎるサプリ♪」と40代女性が大絶賛！,OK
「無料」で楽しめる！遊戯王のアプリが登場,OK
「面白そう」と思った作品をスグにメモしておける！,OK
「遊戯王」の面白さが生まれ変わる！,OK
「妖精の尻尾」がサモンズに登場！,OK
『1万名様限定無料』ポーラB.Aの新感覚の美容液,OK
『2017最新版』神アプリランキング,OK
『2017最新版』中毒性がヤバい禁断の神アプリ,OK
『41歳』20代にしか見えない美容家のシミ対策！,OK
『41歳』約1ヶ月でプルプル肌になれた方法,OK
『WEB限定』たった９８０円で15袋試せちゃう♪,OK
『あり得ない化粧水』噂のフェイシャル化粧水とは？,OK
『イケメンと恋したい女子』妄想が止まらないゲーム,OK
『このサプリがすごいらしい…』,OK
『スキンケア』人気美容家が使っていますと認めた！,OK
『たのしいバイト4コマ』第9回「バイト終わり」,OK
『ネット予約数No.1』アプリで簡単♪飲食店検索,OK
『フリママ』ベビー服、マタニティー用品、絵本,OK
『まとめ』今応募できるアパレルの社員求人『限定』,OK
『ママ必見』トライが今なら入会金無料！！,OK
『ユニクロ』のトレンドマタニティコーデ,OK
『運命の人』を知りたい人必見！,OK
『運命の人の顔まで鑑定』もう婚期は逃さないで！,OK
『夏キャン実施中』遊びながら英語レッスン,OK
『期間限定』お得で人気なホムパ便利アイテムって？,OK
『期間限定』今だけ1114円引きでさらにオトク！,OK
『今まで普通に課金してきた事が悔しいです…』,OK
『最新2017』ベスト高級コスメはどれ？,OK
『指名率アップ』キャバドレスはコレだ！,OK
『実例』ペットと暮らす注文住宅5大ポイントとは？,OK
『主婦の方必見』お子さんの野菜嫌いを解決,OK
『初回応募限定』ディズニー英語等が当たる,OK
『女子必見』プラセンタで潤いチャージ！,OK
『新体験』ユーグレナ化粧品に驚きの声が続々！,OK
『身長サプリ』子供の低身長はサポートできる時代！,OK
『体験レポ』モテ女がこぞって通う脱毛サロンって♪,OK
『男性が惚れ直す』頑固なニキビあとの話題ケア方法,OK
『調子いいかも♪』アラフォー女性が実感した美容法,OK
『頭脳に自信がある人必見』サモンズボード,OK
『髪に悩むママ必見！藤本美貴おすすめシャンプー』,OK
『美肌』楽天1位のスキンケアで勝負してみない？,OK
『保存版』大人のニキビと思春期ニキビの違いとは？,OK
『無料で学べる』みんなと一緒にFXで楽しむアプリ,OK
『恋の仕方を忘れた女子へ』心が癒される恋愛ゲーム,OK
＠cosme1位！メイク前の「10秒ケア」が話題,OK
＠cosme1位！簡単すぎる「10秒ケア」が話題,OK
＠cosme1位！今バカ売れの『10秒ケア』とは,OK
＠cosme１位の脱毛器の実力とは,OK
＠コスメ殿堂入りのまつ毛美容液がさらに進化！,OK
♪ムーミンたちと楽しい箱庭生活♪,OK
0-1歳ママにSHIPSコラボグッズプレゼント！,OK
0から2歳のBabyKumonママのリアルボイス,OK
0円からオシャレできる！？話題のサロン予約アプリ,OK
0歳ママにル・クルーゼ離乳食セットをプレゼント,OK
１・２歳の今こそ、英語大好きに！,OK
1.27、ユニクロのイネス最新コレクション発売,OK
1000人が選んだオールインワンジェルランキング,OK
100円で何回も通えちゃう特別プランあります！,OK
100万DL突破！無料「カットモデル」情報満載♪,OK
100万組突破！無料で始めるゼクシィの恋活！,OK
10月に出会って来年結婚！？運命の人の顔まで鑑定,OK
10商品を徹底調査！No.1は実感力がスゴい♪,OK
１０日間の徹底美肌ケアがお試し１４００円（税抜）,OK
10年前よりキレイに♪ずっと続けたいサプリ,OK
10分で気軽に相談！恋愛、結婚に悩んでる人必見,OK
10連ドロー初回無料でツムツムメダル1枠確定！,OK
11月に出会って来年結婚！？運命の人の顔まで鑑定,OK
120名に当たる！話題のプラズマ乳酸菌 配合商品,OK
1270円で満足できる可愛いブラ＆ショーツセット,OK
12月26日よりオンライン予約受付中,OK
12秒に1個売れている洗顔石鹸が30％OFF！,OK
12秒に1個売れている洗顔石鹸が32％OFF！,OK
13歳若く見える!?楽天1位のシミケアが凄い！,OK
13柄♪ドッキングワンピース2680円,OK
1400万袋突破のこのサプリがすごい！,OK
１４日後、ハリ肌実感！数量限定セット♪,OK
15秒に1人が出会ってる！ゼクシィの恋活アプリ,OK
172万個突破のダイエット茶を試すチャンスです！,OK
1880円、高見えコーデで賢くお洒落♪,OK
19秒に1袋売れている大人気コラーゲンサプリ♪,OK
1か月後あなたの未来は？ステラ薫子のタロット,OK
1ヵ月約千円で肌が明るくなる大人のクレンジング？,OK
1ヶ月生酵素を続けてみた結果、スタイルが劇的改善,OK
1位の濃密コラーゲンでカサつく季節もぷるっぷる♪,OK
1回10分で中2までのニガテ対策ができる教材は？,OK
1回15分の予復習で中学の授業が分かる教材とは？,OK
1回だけで痩せるって本当？痩身エステお試し体験,OK
1月キャンペーン新品200円で買える！モバオク,OK
1児の母とは思えない♪ゴマキの美のヒケツとは？,OK
1週間でイチゴ鼻が？その綺麗の秘密はこちら♪,OK
1着はもっておきたい美シルエットなアウター♪,OK
１滴だけで、驚きの潤い力。今なら1512円,OK
１日500本売れてるBBクリームがすごいらしい…,OK
1日50円！肌が潤う「魔法の石鹸」とは,OK
1日50円の美用法！美容液がいらなくなる習慣とは,OK
1日50円美用法！毎日使うだけで肌の透明感が増す,OK
1日5万人が利用する借金減額方法とは？,OK
1日たった1杯のダイエット!?話題の神ドリンク♪,OK
1日たった約98円の濃密コラーゲン♪,OK
1年365日休みなしの頑張るママに話題のサプリ♪,OK
1年後に入籍？！子供は…,OK
1分で見抜くあなたの運命！人気無料占いはここから,OK
1本137円！今日成功させたいあなたにどうぞ,OK
1本85円でキレイと元気をチャージしよ♪,OK
1本で5役！私の希望を叶えてくれる神ファンデ,OK
1枚で主役級のリネンマキシワンピース,OK
1枚で女性らしく♪とろみシャツ特価セール899円,OK
"1枚は欲しい！シンプルアウター全4色2,580円",OK
"２,０００円クーポンプレゼント！ファッション通販",OK
20％オフ！最旬配色ニットコーディガン￥5520,OK
200名限定！幼児向け英語教材等が当たる,OK
2016年、洗顔石鹸ランキングをついに大公開！,OK
2016年の恋愛・結婚運、当たりすぎると噂の占い,OK
2016年最新版！神アプリランキングTOP10,OK
2017今だけ無料！あなたが引くのは吉凶どっち？,OK
2017年、今年のあなたの運勢を手相で占おう,OK
2017年あながた引いたカードが示す運勢とは！？,OK
２０１７年にあなたに訪れる幸運とは！？,OK
２０１７年のあなたの運命は？誕生日で占います。,OK
２０１７年の運勢を誕生日で初回無料で占います。,OK
2017年の目標は結婚！そんな貴方にお薦めの占い,OK
2017年を大予言！恋・結婚を「運命断易」で占う,OK
2017年総合占い！貴方の隠れたルーツから知る？,OK
20歳以上の約3人に1人が予備軍？その国民病とは,OK
20代女性激増中！無料で始めるゼクシィの恋活！,OK
220万点以上の一点物、Creema,OK
24歳の息子の恋人に間違われる美魔女,OK
2WAYで2980円！コスパ最強、しかも裏ボア！,OK
2ヵ月約千円で肌が明るくなる大人のクレンジング？,OK
２ヶ月連続で売り切れ続けたブラが今なら手に入る！,OK
2つのサポートをプラスして保障範囲を拡大,OK
2月末まで！新品200円で買える！手数料無料,OK
2人で1泊1万円！泊まりたくなる宿がいっぱい♪,OK
2人のたったひとつの違いは生酵素！？,OK
２点セットでこの価格！1290円,OK
2点以上、1万円以上お買上で10％オフ,OK
"3,000円台以下のネイルサロンをお得に予約",OK
30、40代でも大丈夫！3年以内に訪れる婚期,OK
30％オフ！ボトルネック畦ニットワンピ￥3430,OK
300万点以上の一点物、Creema,OK
30代、若い子と同じスキンケアじゃだめじゃない？,OK
30代の繰り返すニキビに！大人のためのニキビケア,OK
30代女子がはまる「美女感ワンピース」って？！,OK
30年の無添加へのこだわり！お得な通販限定セット,OK
3253人の女性が選んだ！No1ルージュは!?,OK
33歳、本気で毛穴を変えたいあなたへ,OK
3508人の女性が選んだ！No.1アイケアは？,OK
35歳・主人も呆れるほどのおばさん体型の私に…,OK
35歳独身の私が体験した奇跡,OK
365日履きたい、「本命」秋冬シューズ,OK
39歳で第3子出産の、あの芸能人が4年半も愛飲中,OK
3カラー4サイズ♪シフォンブラウス1199円！,OK
3カ月で体重が？お腹の脂肪が気になる方にバカ売れ,OK
3ヵ月約千円で肌が明るくなる大人のクレンジング？,OK
3ヶ月後の運命を誕生日で占います。,OK
3月末まで！新規登録キャンペーン実施中,OK
３児の母・みきママさんが絶賛！ノンストップで元気,OK
3人育児中・40歳のくわばたさんは夏バテ知らず♪,OK
3点セット1500円！ゆったりオシャレな部屋着♪,OK
3日間限定値下げ、売切れ御免！,OK
3連休はスポーツデポ・アルペンへ,OK
4000万曲無料配信中,OK
40歳・コスメコンシェルジュ絶賛の美肌サプリ！,OK
40歳で2児のママに！小原さんの美肌&元気の秘密,OK
40代、まだまだ可愛くなれる。,OK
40代、女性ホルモン激減にこのサプリが大人気！,OK
40代からの更年期対策に『高麗美人』が売れている,OK
40代からの女性特有の悩み…人気No.1対策は？,OK
40代から女性必見！更年期対策ランキング発表！,OK
40代の女性の肌に…目からウロコの美肌の秘訣,OK
40代の毛穴対策クレンジング。初回限定1500円,OK
４０代以上必見！青汁に１００億個の乳酸菌…？,OK
40代更年期を華麗に乗り越える秘密兵器♪,OK
40代更年期女性の救世主サプリ！,OK
40代更年期女性の悩み1位は？,OK
40代女子に密かに話題…簡単ツヤ髪テク！,OK
40代女性、更年期、ホットフラッシュ、イライラ…,OK
40代女性がハマる！「生きた酵素」の賢い摂り方。,OK
40代女性の更年ケアに『高麗美人』が売れている,OK
40代女性必見！更年期対策ランキング発表！,OK
４０代必見！塗って寝るだけでうるおい肌に！,OK
41歳・第二子妊娠中！あの美肌タレントも愛飲♪,OK
41歳すっぴん美人愛用の人気ジェルで暗い目元が…,OK
41歳でこのツヤぷる肌！あの芸能人絶賛スキンケア,OK
41歳で次男出産！小原正子が神レベル級に美肌な訳,OK
41歳で次男出産！小原正子の女王級美肌がすごい訳,OK
４３歳の私でも赤ちゃん肌♪美容液を926円お試し,OK
45社を徹底比較！人気のウォーターサーバー５選,OK
47歳主婦実践！NHK発表のダイエットが神ってる,OK
"4typeこれ1枚でコーデがきまる！1,390円",OK
50％オフ！？クーポン使ってお得にリフレッシュ♪,OK
5000円で全身コーデ！お気に入りはアプリで探す,OK
500円から！！選べるトレンドシューズ大特集♪,OK
500円で子供の成長を助けよう！話題のサプリとは,OK
500円で試せるクロさん御用達エステ♪,OK
500円で試せるモナさん御用達エステ♪,OK
500円で試せる桃さん御用達エステ♪,OK
500円で傷んだ髪がツヤサラに生まれ変わったワケ,OK
500名限定！LKUBIを激安で入手する方法,OK
５０代必見！選ばれ続ける青汁の理由とは,OK
51歳の美魔女が可愛すぎる件,OK
54種類の植物性原材料。既に多くの方がご愛用中。,OK
599円！95％UVカット！　優秀カーディガン,OK
5サイズ展開シースルー刺繍ブラウス♪1399円,OK
5月14日まで！新作アイテムが最大4000円オフ,OK
5月31日まで限定！全身脱毛が11ヶ月無料,OK
5月の紫外線量は一年で一番多いって、知ってた？,OK
５種類のベリーがお気に入り！ホントに青汁？,OK
５年後のあなたは幸せ？オーラを整え人生を占う,OK
60歳を超えたら、階段を登れなくなる？,OK
６０代必見！塗って寝るだけでうるおい肌に！,OK
60代母が私よりお肌がきれい！秘密は発酵化粧品？,OK
680円から健康で美しくなりたい女性のために！,OK
680円で憧れのbodyに！,OK
6月限定！新品が500円で買える！手数料無料,OK
7ポケットの収納力抜群ナイロンバッグ￥4720,OK
86％の男性が幻滅している女性のすっぴん眉毛対策,OK
89%のリピート率。多くの方がスラリを実現中。,OK
899円でこの存在感！色チ買い続出中♪,OK
8月31日まで視聴無料！子育てTVハピクラ,OK
皮膚科医が勧めるシミケアがベストコスメ総なめ！,その他_NG_その他
★てすとですしんさふようです★,その他_NG_その他
限定SALE♪UGGクラシックミニ　15800円,その他_NG_その他
女性がワンナイトラブをしてしまう5つの理由,その他_NG_その他
オトコを虜にする。モテ女子のカラダ作り♪,その他_NG_その他
お疲れ気味の方へ。癒しJK動画が詰まった神アプリ,その他_NG_その他
LINEやメールは浮気の証拠にならない？,その他_NG_その他
浮気、絶対許さない。9割の人が救われた→,その他_NG_その他
 LINEやメールは浮気の証拠にならない？,その他_NG_その他
アンダーヘアの自己処理は男性にも嫌われる！絶対NGな理由,その他_NG_その他
【悲報】アンダーヘアが原因でフラれる女性が増加中！,その他_NG_その他
飲むだけで胸が急成長！自然と豊胸されるとウワサで人気殺到中♪,その他_NG_その他
【質問】アンダーヘアのお手入れってみんなどうしてる？,その他_NG_その他
合コンはもう古い?!効率的に理想の相手を探すなら...,その他_NG_その他
特殊清掃業と絡みつくバラバラ殺人事件?!,その他_NG_その他
過激な刺激が欲しい人へ。奴隷捕獲アプリ知ってる？,その他_NG_その他
思わず触りたくなる「ぷるぷる肌」になれた方法♪,その他_NG_その他
私はリボ払いで『４０万円』損しました,その他_NG_その他
話題のドラマが無料！佐々木希がセックス依存症に…,その他_NG_その他
浮気の証拠とれなかったら0円！！,その他_NG_その他
1日5分、スマホを見るだけでネイティブと同じ感覚に！？,その他_NG_その他
日本から薄毛の女性がいなくなる？,その他_NG_その他
【女子会のお供】その食事！お酒！全て無かった事にしちゃいましょ♪,その他_NG_その他
バストが２カップUPは当たり前!?胸メイク始めませんか?,その他_NG_その他
脱！メタボイケてる男のスーパースピードダイエット！,その他_NG_その他
これから来る運命は生まれた日に決まっていた！？あなたの誕生日は？,その他_NG_その他
今年はあなたの人生が大きく変わります！誕生日に秘密が隠されている,その他_NG_その他
ダイエットに「成功する人」と「失敗する人」の違いって知ってますか,その他_NG_その他
1日5分で英語レベル0子供がペラペラになった方法,景表法_NG_優良誤認表示
1日5分するだけKIDSがペラペラになった方法,景表法_NG_優良誤認表示
NHKの人気番組で特集されたビタミンCの美容法,景表法_NG_優良誤認表示
1日5分、スマホだけで英語がペラペラになる？！,景表法_NG_優良誤認表示
1日たった5分で？帰国子女並みの英語が話せる！,景表法_NG_優良誤認表示
毛穴救世主?!1月でごつごつ岩肌がもっちりプリン,景表法_NG_優良誤認表示
何日に何が起こるか分かる？これ当たりすぎてヤバイ,景表法_NG_優良誤認表示
リボ払いの残高が全然減らない！,景表法_NG_優良誤認表示
絶対あなたの金運はあがる！,景表法_NG_優良誤認表示
ホンマでっか？簡単な借金減額が話題になり業界騒然,景表法_NG_優良誤認表示
ホンマでっか！？借金、この方法で完済しました！,景表法_NG_優良誤認表示
成功率92％！超お手軽ダイエットの秘密は毎日◯◯◯するだけ！？,景表法_NG_優良誤認表示
毎日５分！ニキビ・くすみ・毛穴の汚れがスッキリ綺麗になる美容法,景表法_NG_優良誤認表示
ほぼ10割の人が痩せた方法がアラフォーに大ウケ,景表法_NG_優良誤認表示
93％が実感した食べるコラーゲンがすご！え、10歳も若く見える？,景表法_NG_優良誤認表示
アラフォーでもどんどん脚が痩せる！痩せすぎて大炎上注意して！,景表法_NG_優良誤認表示
寝るときに履くだけでセルライト除去！？効果が凄すぎて大炎上,景表法_NG_優良誤認表示
殺菌率100%＆お肌に優しいワキガ対策1位は？,景表法_NG_優良誤認表示
保湿命だと思ってた！美容業界で一番注目の美容液,景表法_NG_有利誤認表示
ここだけ！たった５問で化粧品を最安でゲット♪,景表法_NG_有利誤認表示
残りわずか！１分アンケートでアスタリフトをゲット,景表法_NG_有利誤認表示
【数量限定】今だけ980円で気になる口臭が爽やかに！,景表法_NG_有利誤認表示
プロテイン20杯分の破壊力！初月限定500円！,景表法_NG_有利誤認表示
シミの骨を眠らせる？1000円で試せる最新技術,薬機法_NG_医薬品的表現
病院いらず？「赤ら顔専用化粧水」がスゴすぎ！,薬機法_NG_医薬品的表現
若々しく美しく♪プラセンタでキレイを底上げ♪,薬機法_NG_医薬品的表現
SNSで話題！韓国の貼るだけ脂肪燃焼方法とは？,薬機法_NG_医薬品的表現
まるで「消しゴム」！？皮膚科医開発のシミケア,薬機法_NG_医薬品的表現
ホンマでっか!?出演の美人女医も絶賛のケアが話題,薬機法_NG_医薬品的表現
富士フイルムのナノテクノロジーでシミがみるみる？,薬機法_NG_医薬品的表現
女性のあるある髪悩みを、髪のプロフェッショナルが解決！,薬機法_NG_医薬品的表現
ホンマでっか医師提言？子供を伸ばすのに必要なこと,薬機法_NG_医薬品的表現
満足度92％の新感覚クリームシャンプーとは？,薬機法_NG_医薬品的表現
漢方の生薬が入った女性専用「薬用」育毛剤？,薬機法_NG_医薬品的表現
すっぴんをSNSで公開する女子続出！むきたまごパックが凄いと話題,薬機法_NG_医薬品的表現
歯科医のお墨付き！1日1粒で気になる口臭が改善されるサプリが凄い,薬機法_NG_医薬品的表現
脳科学ダイエットとは？脳とドーパミン抑制で肥満スイッチ強制OFF,薬機法_NG_医薬品的表現
藤本美貴さんも実践中の減量法！米国大学発見した方法で衝撃結果が,薬機法_NG_医薬品的表現
これで38歳？皮膚科医が薦める若見えケアがスゴい,薬機法_NG_医薬品的表現
マツコも驚く美人すぎる女医絶賛のケアをまねたら,薬機法_NG_医薬品的表現
医者が推薦するシミ消しとは？,薬機法_NG_医薬品的表現
『-5歳肌』約1ヵ月で透明感のあるプルプル肌へ,薬機法_NG_疾病治療予防表現
40代で目立ってきた毛穴…約1週間でこんなに！？,薬機法_NG_疾病治療予防表現
1日69円で厚着とさよなら！,薬機法_NG_疾病治療予防表現
「これはヤバイ」OO菌ダイエットで-8キロ減？,薬機法_NG_疾病治療予防表現
翌朝ドドドー！噂のバカ売れ茶が380円,薬機法_NG_疾病治療予防表現
シミはレーザーでないと消えない、は嘘？,薬機法_NG_疾病治療予防表現
たった2週間でボツボツ毛穴が…,薬機法_NG_疾病治療予防表現
脱・パサ髪！スペシャルケアで潤いチャージして！,薬機法_NG_疾病治療予防表現
凸凹毛穴、諦めてませんか？,薬機法_NG_疾病治療予防表現
あんなに気にしていたほうれい線が！驚きのハリ感♪,薬機法_NG_疾病治療予防表現
スキンケアが効かない症候群の救世主,薬機法_NG_疾病治療予防表現
「出し切れていない感」解消の救世主,薬機法_NG_疾病治療予防表現
スルッと出たのはいつの日か…,薬機法_NG_疾病治療予防表現
目元のタルみ、アイキララが良い,薬機法_NG_疾病治療予防表現
何をしても痩せない…コレを取り入れたらすぐ解決,薬機法_NG_疾病治療予防表現
ラクして痩せたいならコレ！飲んで痩せるダイエット,薬機法_NG_疾病治療予防表現
治らない赤ら顔…最後に試した方法が凄すぎた,薬機法_NG_疾病治療予防表現
病院へ行っても変わらなかった赤ら顔がコレだけで…,薬機法_NG_疾病治療予防表現
消えないシミに！医薬部外品のシミ対策ジェル,薬機法_NG_疾病治療予防表現
全身ほっそり！たった1ヶ月でこんなに変わるなんて,薬機法_NG_疾病治療予防表現
ほっといても痩せる？らくらくダイエットとは,薬機法_NG_疾病治療予防表現
赤ら顔を何とかしたい！今注目の神コスメ,薬機法_NG_疾病治療予防表現
これで痩せれない人って…,薬機法_NG_疾病治療予防表現
10日で-17cm!?貼るだけダイエットサポート,薬機法_NG_疾病治療予防表現
まるでサウナ？貼るだけ、手間いらずダイエット！,薬機法_NG_疾病治療予防表現
『爪の変色、白い濁り』に！ 今人気の自宅専用対策,薬機法_NG_疾病治療予防表現
満足度が95.6%？小林製薬のスキンケア,薬機法_NG_疾病治療予防表現
まるで20代！？「38歳、シミで悩んでいました」,薬機法_NG_疾病治療予防表現
ほうれい線知らずの彼女の、とっておき美肌維持方法,薬機法_NG_疾病治療予防表現
ほうれい線で悩んでいた私が1ヶ月で消した方法,薬機法_NG_疾病治療予防表現
写真修正なみのシミケアがすごい！,薬機法_NG_疾病治療予防表現
たるんできた体型にさよならしたいなら！,薬機法_NG_疾病治療予防表現
毛穴全開に悩み続けた私が、本気を出した結果,薬機法_NG_疾病治療予防表現
指先の血のめぐりと体温をキープ！たった3粒！！,薬機法_NG_疾病治療予防表現
1日1杯飲むだけでみるみる…話題のダイエット！,薬機法_NG_疾病治療予防表現
体内菌にメスを入れる？驚きのロイテリ菌とは,薬機法_NG_疾病治療予防表現
5キロ以上痩せたい！ポッコリお腹の引き締め術？,薬機法_NG_疾病治療予防表現
女性の4人に一人は鉄分が足りていない…。解消するために必要なことって,薬機法_NG_疾病治療予防表現
1年前よりボリュームUP！？薄毛脱出の秘密とは,薬機法_NG_疾病治療予防表現
女性の薄毛の悩みを解決する方法！,薬機法_NG_疾病治療予防表現
便秘気味のお子様におススメ！こどもフルーツ青汁,薬機法_NG_疾病治療予防表現
とれない疲れは鉄分不足が原因かも。鉄分がレバーの1.4倍のジュースで鉄分補給,薬機法_NG_疾病治療予防表現
治りづらい風邪は鉄分不足が原因かも。鉄分がレバーの1.4倍のジュースで鉄分補給,薬機法_NG_疾病治療予防表現
女性の4人に１人は隠れ鉄分不足…。クラッとする前に知っておきたいドリンクがこれ,薬機法_NG_疾病治療予防表現
10年以上悩んだ黒ずみがつるんっ,薬機法_NG_疾病治療予防表現
毛穴をどうにかしたくて、洗顔ジプシーだった私…,薬機法_NG_疾病治療予防表現
毛穴をどうにかしたくて、洗顔ジプシーだった私…,薬機法_NG_疾病治療予防表現
この薄毛ケア方法で頭皮が見えなくなりました,薬機法_NG_疾病治療予防表現
毛穴全開のイチゴ鼻を変えた方法とは！？,薬機法_NG_疾病治療予防表現
乾燥や小じわを救う美容液「アイムピンチ」の実力,薬機法_NG_疾病治療予防表現
簡単に理想の体型に？脚ヤセは今からでも遅くない,薬機法_NG_疾病治療予防表現
本当は教えたくない！ほうれい線にオススメの方法,薬機法_NG_疾病治療予防表現
更年期のゆらぎをブロック！話題の救世主サプリ,薬機法_NG_疾病治療予防表現
毛穴ガバ美と陰で言われていた私の大逆転美容法,薬機法_NG_疾病治療予防表現
内側からのほうれい線ケアとは？,薬機法_NG_疾病治療予防表現
炭水化物を餌にするOO菌ダイエットで-10キロ?,薬機法_NG_疾病治療予防表現
TVで話題のOO菌ダイエットで-8キロ減？,薬機法_NG_疾病治療予防表現
その老け顔大丈夫？若々しさを保つアイテムとは,薬機法_NG_疾病治療予防表現
乾燥する冬…パサパサ髪とお別れできた理由とは？,薬機法_NG_疾病治療予防表現
安くても継続して髪質改善、縮毛矯正が不要に・・,薬機法_NG_疾病治療予防表現
「うるおい宣言セラミドプラス」で乾燥知らず♪,薬機法_NG_疾病治療予防表現
近藤千尋が産後1ヶ月で痩せた秘密とは？,薬機法_NG_疾病治療予防表現
セレブも愛用の脂肪燃焼の酵素ドリンクがすごい話題,薬機法_NG_疾病治療予防表現
驚くほどスルスル落ちる！毛穴がキュッと引き締まる,薬機法_NG_疾病治療予防表現
諦めたくない頬のシミに,薬機法_NG_疾病治療予防表現
55歳私、コレで「ほうれい線」が！,薬機法_NG_疾病治療予防表現
45歳私、コレで「ほうれい線」が！,薬機法_NG_疾病治療予防表現
45歳私、コレで「ブルドッグ顔」が！,薬機法_NG_疾病治療予防表現
55歳、悩んでいた「ほうれい線」が♪,薬機法_NG_疾病治療予防表現
45歳、悩んでいた「ほうれい線」が♪,薬機法_NG_疾病治療予防表現
実際どうなの？背が伸びるサプリを息子が試した結果,薬機法_NG_疾病治療予防表現
実際背伸びるの？息子が人気のサプリを飲んた結果,薬機法_NG_疾病治療予防表現
ほうれい線が跳ね返る？45歳の私が見つけた化粧品,薬機法_NG_疾病治療予防表現
40代のほうれい線？パンッと10秒で跳ね返す方法,薬機法_NG_疾病治療予防表現
ほうれい線？パンッと10秒で跳ね返す方法,薬機法_NG_疾病治療予防表現
衝撃！たった10秒でほうれい線が！,薬機法_NG_疾病治療予防表現
こればやばい！TVで話題の痩せ菌ダイエットすごい,薬機法_NG_疾病治療予防表現
「45歳」ほうれい線が目立つブルドッグ顔が,薬機法_NG_疾病治療予防表現
話題のやせ菌増加、腸内フローラダイエットがすごい,薬機法_NG_疾病治療予防表現
55歳私、コレで「老け顔」が！,薬機法_NG_疾病治療予防表現
45歳私、コレで「ほうれい線」が！,薬機法_NG_疾病治療予防表現
芸能人も実践！やせ菌ダイエットがスゴすぎる,薬機法_NG_疾病治療予防表現
TV番組で特集多数！やせ菌ダイエットがスゴイ,薬機法_NG_疾病治療予防表現
足の爪のガサガサが綺麗に治る！？2970円の専用ジェルがすごい！,薬機法_NG_疾病治療予防表現
コレが、ズボラな私をやる気にさせてくれた◯◯ダイエット！！,薬機法_NG_疾病治療予防表現
鏡を見るのが楽しみに？！楽やせダイエットの新情報ついに発表！,薬機法_NG_疾病治療予防表現
Q.脂肪を燃やす+お肌ぷるぷる+太りにくい体質=◯◯◯！！,薬機法_NG_疾病治療予防表現
1ヵ月減量計画！のハズが、まさか最初の10日で成果が出るなんて…,薬機法_NG_疾病治療予防表現
1日3.5kg以上の脂肪の液状化をお約束したいです【ファストップ錠】,薬機法_NG_疾病治療予防表現
脂肪細胞を破壊して二度と太らない体質づくりを実現させませんか！？,薬機法_NG_疾病治療予防表現
1日で4キロも減った危険な痩せ方が話題に。絶対マネしないで下さい！,薬機法_NG_疾病治療予防表現
2週間で20キロ減!ビジネスマン注目の「ダイエットサプリ」とは？,薬機法_NG_疾病治療予防表現
知らない内にダイエットが成功してる上に、健康にまでなれる◯◯とは,薬機法_NG_疾病治療予防表現
冬のカサカサ対策！むきたまごフェイスをつくるとっておきの美容法,薬機法_NG_疾病治療予防表現
「むくみ解消で女性は3割細くなれる」ウワサの脚ヤセレギンス♪,薬機法_NG_疾病治療予防表現
“内もものムダ肉”がみるみる解消。芸能人も愛用の脚ヤセレギンス♪,薬機法_NG_疾病治療予防表現
１ヶ月で体重82.9kgから73.8kg！！ってどんな方法だよ,薬機法_NG_疾病治療予防表現
平日は社畜、休日は家族サービス。毎日多忙な俺でもできた脱メタボ法,薬機法_NG_疾病治療予防表現
30代で痩せたいなんて考えてるヤツ！コレには手出すなよ！！,薬機法_NG_疾病治療予防表現
友達に勧られた『炭サプリ』の力恐るべし！！何で痩せるの！！,薬機法_NG_疾病治療予防表現
【話題騒然】脳に働きかけるダイエット理論って？1週間で体重が,薬機法_NG_疾病治療予防表現
ジムや食事制限に挫折した人だけ見て。あまりにも手軽すぎるから…,薬機法_NG_疾病治療予防表現
いよいよお花見シーズン！！ビール飲んでも太らせない方法をご紹介♪,薬機法_NG_疾病治療予防表現
過去の失敗を忘れさせてくれる、30代女性に流行中のダイエット術♪,薬機法_NG_疾病治療予防表現
『糖質カット』よりも効率の良い痩せ方があるらしいから実践してみた,薬機法_NG_疾病治療予防表現
渡辺美奈代さんも愛飲中！めざましTVで大人気の減量法がヤバい！,薬機法_NG_疾病治療予防表現
【SNSで話題】40代女性が2週間で肌質が生まれ変わったと話題に,薬機法_NG_疾病治療予防表現
※短期ダイエット※32歳（子1人）の私が痩せない理由はコレでした,薬機法_NG_疾病治療予防表現
ベルトに乗っかってるこの醜い脂肪が、いつの間にかゴッソリ…？！,薬機法_NG_疾病治療予防表現
そのだらしない“ボテボテ腹”何とかしたくない？今なら夏に間に合う,薬機法_NG_疾病治療予防表現
楽して痩せたい上にお金もかけたくない！そんな方法…え？あるの…？,薬機法_NG_疾病治療予防表現
コレを見れば1発解決！！時間をかけない大人の男のスマートな痩せ方,薬機法_NG_疾病治療予防表現
アラフォー主婦に刺さるっ！38歳子持ちの私でも成功した痩せワザ←,薬機法_NG_疾病治療予防表現
「食べても太れない」未知の感覚が。◯◯◯に隠された痩せ成分とは…,薬機法_NG_疾病治療予防表現
スリムには効率的な脂肪燃焼サポートが大切…SNSの投稿集めたょ↑,薬機法_NG_疾病治療予防表現
その腹肉を燃やせっ！たった30日でカンタン克服♪夏までに脱メタボ,薬機法_NG_疾病治療予防表現
「◯◯◯は男性の精力剤」は誤解！実はダイエットに最適すぎる食材,薬機法_NG_疾病治療予防表現
知らなきゃ損してる？炭水化物を溶かすダイエット法を試してみた結果,薬機法_NG_疾病治療予防表現
これ、痩せない人いるのかな…TVで有名な楽々ダイエット試した結果,薬機法_NG_疾病治療予防表現
めざましTVで大炎上したダイエット法,薬機法_NG_疾病治療予防表現
もっと早く知りたかったとぽっちゃり女子から大炎上のダイエット法,薬機法_NG_疾病治療予防表現
知ったら戻れなくなる、究極の痩せ方,薬機法_NG_疾病治療予防表現
これ痩せない人いるの？バイキング放送後大炎上した衝撃ダイエット法,薬機法_NG_疾病治療予防表現
1か月で8kgの減量に成功！？ゴマキが使った生酵素が本当にヤバイ,薬機法_NG_疾病治療予防表現
メタボ腹の解消って意外と簡単？楽したいアナタにピッタリの◯◯◯！,薬機法_NG_疾病治療予防表現
めざましテレビ放送後から大反響！ほぼ全ての人が実感したダイエット,薬機法_NG_疾病治療予防表現
お腹が薄くなる！TVで大炎上のダイエット法,薬機法_NG_疾病治療予防表現
まだ知らないの？TVで大炎上したダイエット方法,薬機法_NG_疾病治療予防表現
お腹にくびれが！TVで大炎上のダイエット法,薬機法_NG_疾病治療予防表現
お腹ぺったんこ女子が続々のダイエット法,薬機法_NG_疾病治療予防表現
ガチで痩せてもいいなら試してみて！,薬機法_NG_疾病治療予防表現
芸人たんぽぽの努力無しダイエットがズルい！,薬機法_NG_疾病治療予防表現
え？こんなにも痩せるの！？話題の「こうじ酵素」を飲んでみた,薬機法_NG_疾病治療予防表現
酵素ダイエットのおかげでした！,薬機法_NG_疾病治療予防表現
こうじ酵素飲んだらデブが絶滅する気がする！,薬機法_NG_疾病治療予防表現
2週間で黄ばんだ歯が真っ白に？凄すぎホワイトニングをシェア！,薬機法_NG_疾病治療予防表現
これで歯が白くならない人いるの？2週間で効果が凄いと話題に,薬機法_NG_疾病治療予防表現
王様のブランチとめざましテレビで話題の酵素ダイエットで-8kg！？,薬機法_NG_疾病治療予防表現
【ぽっちゃりは時代遅れ？】SNSで話題沸騰中の◯◯が凄すぎる…,薬機法_NG_疾病治療予防表現
お腹がぺったんこに！NHK放送後、超話題のダイエット法,薬機法_NG_疾病治療予防表現
内臓本当に入ってる？ってくらい痩せたダイエット法,薬機法_NG_疾病治療予防表現
これで痩せないわけないよ…TV放送後大炎上のダイエット法,薬機法_NG_疾病治療予防表現
奇跡体験！3ヶ月で?8kg痩せたダイエット法,薬機法_NG_疾病治療予防表現
「はいどーも！こうじ酵素でーす」めざましTVで大反響のダイエット,薬機法_NG_疾病治療予防表現
痩せないアラフォーにおすすめダイエット法！ラクラク体重ダウン,薬機法_NG_疾病治療予防表現
-７キロできた理由？人生初くびれと腹筋のタテ線を手に入れた方法,薬機法_NG_疾病治療予防表現
純度100％のコラーゲンを摂取するとシワシワなおばちゃんも…！！,薬機法_NG_疾病治療予防表現
TVで「落ちる！」と話題になったクレンジングを私の苺鼻に試すと,薬機法_NG_疾病治療予防表現
凄い！ドロドロ落ちる！38歳が20代に間違われた肌ケアが話題すぎ,薬機法_NG_疾病治療予防表現
【脚専用】あのボコボコも！あのパンパンも！一晩で悩みが消滅！,薬機法_NG_疾病治療予防表現
48時間後も乾かない肌へ！5点セット1080円,薬機法_NG_疾病治療予防表現
980円で小ジワがいつの間にか・・・,薬機法_NG_疾病治療予防表現
医者に「死にますよ？」とまで言われたメタボBODYを3週間で…,薬機法_NG_疾病治療予防表現
【売切必至】痩せろ！脳に指令を出されたらもうあなたは抗えない,薬機法_NG_疾病治療予防表現
めざましTVで大炎上した2017年最強のダイエット法,薬機法_NG_疾病治療予防表現
スッキリ！で放送されてから注文殺到！売切れ御免！,薬機法_NG_疾病治療予防表現
【限定公開】めざましTVで特集された酵素ダイエット,薬機法_NG_疾病治療予防表現
そりゃ痩せるよ！ほぼ10割の人が実感のダイエット法,薬機法_NG_疾病治療予防表現
これで痩せない人はヤバい！９割以上の人が実感したダイエット法,薬機法_NG_疾病治療予防表現
※乱用厳禁※『痩せる』ではなく『痩せ過ぎる』恐れがございます。,薬機法_NG_疾病治療予防表現
今すぐ美モテBODYを手に入れたい人必見楽痩せ法,薬機法_NG_疾病治療予防表現
歯磨きだけじゃ治せない！気になる口臭を消すには,薬機法_NG_疾病治療予防表現
美容のプロも愛用中！ほうれい線に効く化粧品とは？,薬機法_NG_疾病治療予防表現
うそ、体重が！？ぽっこりお腹の私がたった3か月で,薬機法_NG_疾病治療予防表現
シミおばさんから、美白お姉さんへ大変身,薬機法_NG_疾病治療予防表現
シミ肌に卒業！すっぴん透明美肌へ,薬機法_NG_疾病治療予防表現
ニキビ肌を卒業した秘訣とは？,薬機法_NG_疾病治療予防表現
驚愕のモテ美肌！シミシワ法令線がこんな簡単に…？,薬機法_NG_疾病治療予防表現
レーザーなんてもう古い！？ シミの消しゴム登場,薬機法_NG_疾病治療予防表現
噂の青汁でぽっこりお腹がすっきり！,薬機法_NG_疾病治療予防表現
春先のカサカサ肌→面白いほどぷるっぷる♪,薬機法_NG_疾病治療予防表現
汚毛穴にサヨナラ。10年前の毛穴がよみがえる。,薬機法_NG_疾病治療予防表現
芸能界騒然！劣化がみるみる？シミシワ法令線が…？,薬機法_NG_疾病治療予防表現
１日約93円であの頃のカラダに！？,薬機法_NG_疾病治療予防表現
1ヶ月で黄ばんだ歯を真っ白にする秘訣とは!?,薬機法_NG_疾病治療予防表現
法令線おばさんだった51歳主婦の逆転劇,薬機法_NG_増進増強表現
20代に見間違える51歳の美魔女が美肌維持を公開,薬機法_NG_増進増強表現
「姉より老け顔だった」51歳に見えない美肌の秘密,薬機法_NG_増進増強表現
ぐったりママあるある（涙）…を卒業するために！,薬機法_NG_増進増強表現
まずは1週間！ぽっちゃり体型の私がみるみる…,薬機法_NG_増進増強表現
驚愕のモテ美肌！芸能界騒然の美容法で劣化が…？,薬機法_NG_増進増強表現
『41歳』10代のような透明感を手に入れた方法♪,薬機法_NG_増進増強表現
「溜めない」体づくりはミドリムシとクロレラで？,薬機法_NG_増進増強表現
赤の力で白に変えるアスタリフト,薬機法_NG_増進増強表現
美容皮膚科の毛穴ケアが自宅でできる！？,薬機法_NG_増進増強表現
自分の肌に自信を！肌荒れ知らずの美肌術はコレ！,薬機法_NG_増進増強表現
私が約1ヶ月でぷるツヤ肌を手に入れた方法♪,薬機法_NG_増進増強表現
ぷるぷるもちもちな赤ちゃん肌になれた方法♪,薬機法_NG_増進増強表現
40代女性におすすめ！95.6％が満足の化粧品,薬機法_NG_増進増強表現
見た目年齢が変わった！翌朝感動、すっぴん肌に自信,薬機法_NG_増進増強表現
キレイと元気を取り戻すなら大注目のすっぽんサプリ,薬機法_NG_増進増強表現
寝ている間にカラダを育てる。poolでチェック！,薬機法_NG_増進増強表現
40歳で見た目20代、芸能人のケアをまねした結果,薬機法_NG_増進増強表現
モデルや芸能人絶賛の肌ケアでまるで見た目20代に,薬機法_NG_増進増強表現
モデルや芸能人の肌ケアで見た目20代になれました,薬機法_NG_増進増強表現
体めぐる「ぽかぽか気分」サンプルモニター募集中！,薬機法_NG_増進増強表現
とにかく一番心がけていることは「お肌が常に潤っていること」ひとくち飲むだけの手軽さがいい,薬機法_NG_増進増強表現
何歳に見えますか？20代に見える40代の秘密とは,薬機法_NG_増進増強表現
20代の頃よりお肌ツルツル！？年齢不詳肌の作り方,薬機法_NG_増進増強表現
【初回限定トライアル】美容部員のアンチエイジング,薬機法_NG_増進増強表現
もうチェックした？美容部員のアンチエイジング方法,薬機法_NG_増進増強表現
10年後も若々しくいるために今日から始めたいこと,薬機法_NG_増進増強表現
ぐんぐん子供がのびるんじゃー！！,薬機法_NG_増進増強表現
簡単ケアでうねり知らずのサラツヤ髪に！？,薬機法_NG_増進増強表現
20代に間違われるかも！？,薬機法_NG_増進増強表現
すっぴんに自信が持てる！見事にうるおい明るい肌に,薬機法_NG_増進増強表現
季節の変わり目にも負けない肌作りに,薬機法_NG_増進増強表現
子供がグングン！ノビノビ！,薬機法_NG_増進増強表現
女性に人気の◯◯サプリ！実は男性のが効果が高いという秘密がコチラ,薬機法_NG_増進増強表現
今すぐ誰かに教えたい！ぷるつや肌を冬でも維持するとっておきの秘密,薬機法_NG_増進増強表現
「王様のブランチ」放送後、大反響の”生きた酵素”とは…,薬機法_NG_増進増強表現
「え！60歳なの？」純度100％のコラーゲンを飲むと-10歳肌に,薬機法_NG_増進増強表現
51歳美魔女のシワレスの秘密は医学会で称賛のコレ,薬機法_NG_増進増強表現
真っ白実感?歓喜の声多数！,薬機法_NG_増進増強表現
『41歳』あの頃の肌を約2か月で取り戻せました,薬機法_NG_増進増強表現
塗るだけでー5歳印象！？話題の肌映えルージュとは,薬機法_NG_増進増強表現
美容のプロも愛用。1ヶ月で驚くほど透きとおる肌へ,薬機法_NG_増進増強表現
「くびれ」はある菌を増やせば簡単に手に入る！？,薬機法_NG_医薬品的表現
「ぽっこりが激変！？」驚きの声が殺到,薬機法_NG_疾病治療予防表現
お肌が100%潤う,景表法_NG_優良誤認表示
10歳肌に若返り,薬機法_NG_疾病治療予防表現
美肌になる,景表法_NG_優良誤認表示
透き通る肌になる,景表法_NG_優良誤認表示
アンチエイジング,薬機法_NG_増進増強表現
これだけで美白,薬機法_NG_増進増強表現
人より10歳若く見える,薬機法_NG_増進増強表現
美肌になりたい,薬機法_NG_増進増強表現
角質角栓を除去する,薬機法_NG_増進増強表現
赤ちゃん並みの透明感,薬機法_NG_増進増強表現
履くだけで美脚になる,景表法_NG_優良誤認表示
世界初日本発の商品,景表法_NG_有利誤認表示
含有が世界一日本一のもの,景表法_NG_有利誤認表示
世界で一番売れている,景表法_NG_有利誤認表示
1位を獲得した商品,景表法_NG_有利誤認表示
No.1の品質,景表法_NG_有利誤認表示
最大の効果,景表法_NG_有利誤認表示
最高の効果,景表法_NG_有利誤認表示
最安で提供,景表法_NG_有利誤認表示
最速で手に入れよう,景表法_NG_有利誤認表示
最小の形状,景表法_NG_有利誤認表示
最低料金で,景表法_NG_有利誤認表示
これは恐るべき信頼度,景表法_NG_優良誤認表示
怖いほど当たる,景表法_NG_優良誤認表示
今売れまくっている新商品,景表法_NG_有利誤認表示
10秒に1個売れている,景表法_NG_有利誤認表示
全く痛くない,景表法_NG_優良誤認表示
完全にきれいになる,景表法_NG_優良誤認表示
完璧なカラダを目指す,景表法_NG_優良誤認表示
絶対に安心,景表法_NG_優良誤認表示
永久に保証,景表法_NG_優良誤認表示
必ず効果がでることをお約束,景表法_NG_優良誤認表示
万全のサポートを,景表法_NG_優良誤認表示
最先端の商品をいち早くお届け,景表法_NG_優良誤認表示
1ヶ月で簡単に効果が出る秘訣,景表法_NG_優良誤認表示
飲むだけで即効,景表法_NG_優良誤認表示
劇的に改善する,景表法_NG_優良誤認表示
効きすぎて怖くなる,景表法_NG_優良誤認表示
サロン級のケアを実現,薬機法_NG_増進増強表現
病院に行く必要がなくなる,薬機法_NG_医薬品的表現
内科知らず,薬機法_NG_医薬品的表現
外科いらず,薬機法_NG_医薬品的表現
皮膚科もびっくり,薬機法_NG_医薬品的表現
婦人科が驚く,薬機法_NG_医薬品的表現
これだけで花粉症対策ができる,薬機法_NG_医薬品的表現
これで風邪が治る,薬機法_NG_医薬品的表現
医療機関,薬機法_NG_医薬品的表現
シミシワが気になる,薬機法_NG_疾病治療予防表現
イチゴ鼻が赤ちゃん肌に,薬機法_NG_疾病治療予防表現
毛穴汚れもこれ１本,薬機法_NG_疾病治療予防表現
これだけで発毛改善,薬機法_NG_疾病治療予防表現
新陳代謝を促進する,薬機法_NG_疾病治療予防表現
血行促進の効果,薬機法_NG_疾病治療予防表現
皮膚再生が期待できる,薬機法_NG_疾病治療予防表現
最近更年期が気になる,薬機法_NG_疾病治療予防表現
育毛を促進する,薬機法_NG_疾病治療予防表現
薄毛に悩む,薬機法_NG_疾病治療予防表現
飲むだけで,薬機法_NG_疾病治療予防表現
便秘気味のあなたにオススメ,薬機法_NG_疾病治療予防表現
残尿残便が気になる,薬機法_NG_疾病治療予防表現
お通じの改善には,薬機法_NG_疾病治療予防表現
寝ている間に勝手に痩せる,薬機法_NG_疾病治療予防表現
体重を落とすには,薬機法_NG_疾病治療予防表現
肥満気味の体に,薬機法_NG_疾病治療予防表現
リバウンドしない,薬機法_NG_疾病治療予防表現
減量したい,薬機法_NG_疾病治療予防表現
今話題の民間療法,薬機法_NG_医薬品的表現
医者が監修した,薬機法_NG_医薬品的表現
レーザー,薬機法_NG_医薬品的表現
メス,薬機法_NG_医薬品的表現
注射,薬機法_NG_医薬品的表現
薬草,薬機法_NG_医薬品的表現
漢方,薬機法_NG_医薬品的表現
芸能人が愛用している,景表法_NG_優良誤認表示
こっそり紹介された,景表法_NG_優良誤認表示